index,Format,Year,Units,Revenue,Revenue (Inflation Adjusted)
0,8 - Track,1973,91000000.0,489000000,2699600000
1,8 - Track,1974,96700000.0,549200000,2730600000
2,8 - Track,1975,94600000.0,583000000,2656200000
3,8 - Track,1976,106100000.0,678200000,2921600000
4,8 - Track,1977,127300000.0,811000000,3280400000
5,8 - Track,1978,133600000.0,948000000,3564000000
6,8 - Track,1979,102300000.0,684300000,2310400000
7,8 - Track,1980,85000000.0,527000000,1567700000
8,8 - Track,1981,50000000.0,313000000,844000000
9,8 - Track,1982,13700000.0,36000000,91400000
10,8 - Track,1983,0.0,0,0
11,8 - Track,1984,0.0,0,0
12,8 - Track,1985,0.0,0,0
13,8 - Track,1986,0.0,0,0
14,8 - Track,1987,0.0,0,0
15,8 - Track,1988,0.0,0,0
16,8 - Track,1989,0.0,0,0
17,8 - Track,1990,0.0,0,0
18,8 - Track,1991,0.0,0,0
19,8 - Track,1992,0.0,0,0
20,8 - Track,1993,0.0,0,0
21,8 - Track,1994,0.0,0,0
22,8 - Track,1995,0.0,0,0
23,8 - Track,1996,0.0,0,0
24,8 - Track,1997,0.0,0,0
25,8 - Track,1998,0.0,0,0
26,8 - Track,1999,0.0,0,0
27,8 - Track,2000,0.0,0,0
28,8 - Track,2001,0.0,0,0
29,8 - Track,2002,0.0,0,0
30,8 - Track,2003,0.0,0,0
31,8 - Track,2004,0.0,0,0
32,8 - Track,2005,0.0,0,0
33,8 - Track,2006,0.0,0,0
34,8 - Track,2007,0.0,0,0
35,8 - Track,2008,0.0,0,0
36,8 - Track,2009,0.0,0,0
37,8 - Track,2010,0.0,0,0
38,8 - Track,2011,0.0,0,0
39,8 - Track,2012,0.0,0,0
40,8 - Track,2013,0.0,0,0
41,8 - Track,2014,0.0,0,0
42,8 - Track,2015,0.0,0,0
43,8 - Track,2016,0.0,0,0
44,8 - Track,2017,0.0,0,0
45,8 - Track,2018,0.0,0,0
46,Cassette,1973,15000000.0,76000000,419600000
47,Cassette,1974,15300000.0,87200000,433600000
48,Cassette,1975,16200000.0,98800000,450100000
49,Cassette,1976,21800000.0,145700000,627700000
50,Cassette,1977,36900000.0,249600000,1009600000
51,Cassette,1978,61300000.0,449800000,1691000000
52,Cassette,1979,78500000.0,580600000,1960300000
53,Cassette,1980,99000000.0,705000000,2097200000
54,Cassette,1981,124000000.0,1062800000,2865900000
55,Cassette,1982,183200000.0,1384500000,3516800000
56,Cassette,1983,236800000.0,1810900000,4456700000
57,Cassette,1984,332000000.0,2383900000,5624100000
58,Cassette,1985,339100000.0,2411500000,5493600000
59,Cassette,1986,344500000.0,2499500000,5590100000
60,Cassette,1987,410000000.0,2959700000,6386300000
61,Cassette,1988,450100000.0,3385100000,7014000000
62,Cassette,1989,446200000.0,3345800000,6613900000
63,Cassette,1990,442200000.0,3472400000,6512300000
64,Cassette,1991,360100000.0,3019600000,5434400000
65,Cassette,1992,366400000.0,3116300000,5444500000
66,Cassette,1993,339500000.0,2915800000,4946200000
67,Cassette,1994,345400000.0,2976400000,4922900000
68,Cassette,1995,272600000.0,2303600000,3705100000
69,Cassette,1996,225300000.0,1905300000,2976600000
70,Cassette,1997,172600000.0,1522700000,2325500000
71,Cassette,1998,158500000.0,1419900000,2135300000
72,Cassette,1999,123600000.0,1061600000,1561900000
73,Cassette,2000,76000000.0,626000000,891100000
74,Cassette,2001,45000000.0,363400000,503000000
75,Cassette,2002,31100000.0,209800000,285900000
76,Cassette,2003,17200000.0,108100000,144000000
77,Cassette,2004,5200000.0,23700000,30800000
78,Cassette,2005,2500000.0,13100000,16400000
79,Cassette,2006,700000.0,3700000,4500000
80,Cassette,2007,400000.0,3000000,3500000
81,Cassette,2008,100000.0,900000,1000000
82,Cassette,2009,0.0,0,0
83,Cassette,2010,0.0,0,0
84,Cassette,2011,0.0,0,0
85,Cassette,2012,0.0,0,0
86,Cassette,2013,0.0,0,0
87,Cassette,2014,0.0,0,0
88,Cassette,2015,0.0,0,0
89,Cassette,2016,0.0,0,0
90,Cassette,2017,0.0,0,0
91,Cassette,2018,0.0,0,0
92,Cassette Single,1973,0.0,0,0
93,Cassette Single,1974,0.0,0,0
94,Cassette Single,1975,0.0,0,0
95,Cassette Single,1976,0.0,0,0
96,Cassette Single,1977,0.0,0,0
97,Cassette Single,1978,0.0,0,0
98,Cassette Single,1979,0.0,0,0
99,Cassette Single,1980,0.0,0,0
100,Cassette Single,1981,0.0,0,0
101,Cassette Single,1982,0.0,0,0
102,Cassette Single,1983,0.0,0,0
103,Cassette Single,1984,0.0,0,0
104,Cassette Single,1985,0.0,0,0
105,Cassette Single,1986,0.0,0,0
106,Cassette Single,1987,5100000.0,14300000,30900000
107,Cassette Single,1988,22500000.0,57300000,118700000
108,Cassette Single,1989,76200000.0,194600000,384700000
109,Cassette Single,1990,87400000.0,257900000,483700000
110,Cassette Single,1991,69000000.0,230400000,414700000
111,Cassette Single,1992,84600000.0,298800000,522000000
112,Cassette Single,1993,85600000.0,298500000,506400000
113,Cassette Single,1994,81100000.0,274900000,454700000
114,Cassette Single,1995,70700000.0,236300000,380100000
115,Cassette Single,1996,59900000.0,189300000,295700000
116,Cassette Single,1997,42200000.0,133500000,203900000
117,Cassette Single,1998,26400000.0,94400000,142000000
118,Cassette Single,1999,14200000.0,48000000,70600000
119,Cassette Single,2000,1300000.0,4600000,6500000
120,Cassette Single,2001,-1500000.0,-5300000,-7300000
121,Cassette Single,2002,-500000.0,-1600000,-2200000
122,Cassette Single,2003,0.0,0,0
123,Cassette Single,2004,0.0,0,0
124,Cassette Single,2005,0.0,0,0
125,Cassette Single,2006,0.0,0,0
126,Cassette Single,2007,0.0,0,0
127,Cassette Single,2008,0.0,0,0
128,Cassette Single,2009,0.0,0,0
129,Cassette Single,2010,0.0,0,0
130,Cassette Single,2011,0.0,0,0
131,Cassette Single,2012,0.0,0,0
132,Cassette Single,2013,0.0,0,0
133,Cassette Single,2014,0.0,0,0
134,Cassette Single,2015,0.0,0,0
135,Cassette Single,2016,0.0,0,0
136,Cassette Single,2017,0.0,0,0
137,Cassette Single,2018,0.0,0,0
138,CD,1973,0.0,0,0
139,CD,1974,0.0,0,0
140,CD,1975,0.0,0,0
141,CD,1976,0.0,0,0
142,CD,1977,0.0,0,0
143,CD,1978,0.0,0,0
144,CD,1979,0.0,0,0
145,CD,1980,0.0,0,0
146,CD,1981,0.0,0,0
147,CD,1982,0.0,0,0
148,CD,1983,800000.0,17200000,42300000
149,CD,1984,5800000.0,103300000,243700000
150,CD,1985,22600000.0,389500000,887300000
151,CD,1986,53000000.0,930100000,2080200000
152,CD,1987,102100000.0,1593600000,3438600000
153,CD,1988,149700000.0,2089900000,4330300000
154,CD,1989,207200000.0,2587700000,5115300000
155,CD,1990,286500000.0,3451600000,6473300000
156,CD,1991,333300000.0,4337700000,7806600000
157,CD,1992,407500000.0,5326500000,9306000000
158,CD,1993,495400000.0,6511400000,11045500000
159,CD,1994,662100000.0,8464500000,14000100000
160,CD,1995,722900000.0,9377400000,15082600000
161,CD,1996,778900000.0,9934700000,15520700000
162,CD,1997,753100000.0,9915100000,15142600000
163,CD,1998,847000000.0,11416000000,17167400000
164,CD,1999,938900000.0,12816300000,18856700000
165,CD,2000,942500000.0,13214500000,18810300000
166,CD,2001,881900000.0,12909400000,17867600000
167,CD,2002,803300000.0,12044100000,16410500000
168,CD,2003,746000000.0,11232900000,14964200000
169,CD,2004,767000000.0,11446500000,14853200000
170,CD,2005,705400000.0,10520200000,13203800000
171,CD,2006,619700000.0,9372600000,11395900000
172,CD,2007,499700000.0,7452300000,8811900000
173,CD,2008,368400000.0,5471300000,6229000000
174,CD,2009,296600000.0,4318800000,4934500000
175,CD,2010,253000000.0,3389400000,3810100000
176,CD,2011,240800000.0,3100700000,3378900000
177,CD,2012,198200000.0,2485600000,2718500000
178,CD,2013,173800000.0,2140900000,2307700000
179,CD,2014,138700000.0,1776200000,1884100000
180,CD,2015,117100000.0,1445000000,1530900000
181,CD,2016,97600000.0,1130800000,1183100000
182,CD,2017,87700000.0,1057300000,1083100000
183,CD,2018,52000000.0,698400000,698400000
184,CD Single,1973,0.0,0,0
185,CD Single,1974,0.0,0,0
186,CD Single,1975,0.0,0,0
187,CD Single,1976,0.0,0,0
188,CD Single,1977,0.0,0,0
189,CD Single,1978,0.0,0,0
190,CD Single,1979,0.0,0,0
191,CD Single,1980,0.0,0,0
192,CD Single,1981,0.0,0,0
193,CD Single,1982,0.0,0,0
194,CD Single,1983,0.0,0,0
195,CD Single,1984,0.0,0,0
196,CD Single,1985,0.0,0,0
197,CD Single,1986,0.0,0,0
198,CD Single,1987,0.0,0,0
199,CD Single,1988,1600000.0,9800000,20300000
200,CD Single,1989,-100000.0,-700000,-1400000
201,CD Single,1990,1100000.0,6000000,11300000
202,CD Single,1991,5700000.0,35100000,63200000
203,CD Single,1992,7300000.0,45100000,78800000
204,CD Single,1993,7800000.0,45800000,77700000
205,CD Single,1994,9300000.0,56100000,92800000
206,CD Single,1995,21500000.0,110900000,178400000
207,CD Single,1996,43200000.0,184100000,287600000
208,CD Single,1997,66700000.0,272700000,416500000
209,CD Single,1998,56000000.0,213200000,320600000
210,CD Single,1999,55900000.0,222400000,327200000
211,CD Single,2000,34200000.0,142700000,203100000
212,CD Single,2001,17300000.0,79400000,109900000
213,CD Single,2002,4500000.0,19600000,26700000
214,CD Single,2003,8300000.0,36000000,48000000
215,CD Single,2004,3100000.0,15000000,19500000
216,CD Single,2005,2800000.0,10900000,13700000
217,CD Single,2006,1700000.0,7700000,9400000
218,CD Single,2007,2600000.0,12200000,14400000
219,CD Single,2008,700000.0,3500000,4000000
220,CD Single,2009,900000.0,3100000,3500000
221,CD Single,2010,1000000.0,2900000,3300000
222,CD Single,2011,1300000.0,3500000,3800000
223,CD Single,2012,1100000.0,3200000,3500000
224,CD Single,2013,600000.0,2400000,2600000
225,CD Single,2014,900000.0,3600000,3800000
226,CD Single,2015,400000.0,1200000,1300000
227,CD Single,2016,100000.0,300000,300000
228,CD Single,2017,100000.0,1500000,1500000
229,CD Single,2018,0.0,200000,200000
230,Download Album,1973,0.0,0,0
231,Download Album,1974,0.0,0,0
232,Download Album,1975,0.0,0,0
233,Download Album,1976,0.0,0,0
234,Download Album,1977,0.0,0,0
235,Download Album,1978,0.0,0,0
236,Download Album,1979,0.0,0,0
237,Download Album,1980,0.0,0,0
238,Download Album,1981,0.0,0,0
239,Download Album,1982,0.0,0,0
240,Download Album,1983,0.0,0,0
241,Download Album,1984,0.0,0,0
242,Download Album,1985,0.0,0,0
243,Download Album,1986,0.0,0,0
244,Download Album,1987,0.0,0,0
245,Download Album,1988,0.0,0,0
246,Download Album,1989,0.0,0,0
247,Download Album,1990,0.0,0,0
248,Download Album,1991,0.0,0,0
249,Download Album,1992,0.0,0,0
250,Download Album,1993,0.0,0,0
251,Download Album,1994,0.0,0,0
252,Download Album,1995,0.0,0,0
253,Download Album,1996,0.0,0,0
254,Download Album,1997,0.0,0,0
255,Download Album,1998,0.0,0,0
256,Download Album,1999,0.0,0,0
257,Download Album,2000,0.0,0,0
258,Download Album,2001,0.0,0,0
259,Download Album,2002,0.0,0,0
260,Download Album,2003,0.0,0,0
261,Download Album,2004,4600000.0,45500000,59000000
262,Download Album,2005,13600000.0,135700000,170300000
263,Download Album,2006,27600000.0,275900000,335500000
264,Download Album,2007,49800000.0,497400000,588100000
265,Download Album,2008,63600000.0,635300000,723300000
266,Download Album,2009,74500000.0,744300000,850400000
267,Download Album,2010,85800000.0,872400000,980700000
268,Download Album,2011,103900000.0,1070800000,1166900000
269,Download Album,2012,116700000.0,1204800000,1317700000
270,Download Album,2013,118000000.0,1232100000,1328100000
271,Download Album,2014,114200000.0,1117900000,1185800000
272,Download Album,2015,106800000.0,1064400000,1127700000
273,Download Album,2016,85100000.0,868600000,908800000
274,Download Album,2017,66400000.0,668500000,684800000
275,Download Album,2018,49700000.0,499700000,499700000
276,Download Music Video,1973,0.0,0,0
277,Download Music Video,1974,0.0,0,0
278,Download Music Video,1975,0.0,0,0
279,Download Music Video,1976,0.0,0,0
280,Download Music Video,1977,0.0,0,0
281,Download Music Video,1978,0.0,0,0
282,Download Music Video,1979,0.0,0,0
283,Download Music Video,1980,0.0,0,0
284,Download Music Video,1981,0.0,0,0
285,Download Music Video,1982,0.0,0,0
286,Download Music Video,1983,0.0,0,0
287,Download Music Video,1984,0.0,0,0
288,Download Music Video,1985,0.0,0,0
289,Download Music Video,1986,0.0,0,0
290,Download Music Video,1987,0.0,0,0
291,Download Music Video,1988,0.0,0,0
292,Download Music Video,1989,0.0,0,0
293,Download Music Video,1990,0.0,0,0
294,Download Music Video,1991,0.0,0,0
295,Download Music Video,1992,0.0,0,0
296,Download Music Video,1993,0.0,0,0
297,Download Music Video,1994,0.0,0,0
298,Download Music Video,1995,0.0,0,0
299,Download Music Video,1996,0.0,0,0
300,Download Music Video,1997,0.0,0,0
301,Download Music Video,1998,0.0,0,0
302,Download Music Video,1999,0.0,0,0
303,Download Music Video,2000,0.0,0,0
304,Download Music Video,2001,0.0,0,0
305,Download Music Video,2002,0.0,0,0
306,Download Music Video,2003,0.0,0,0
307,Download Music Video,2004,0.0,0,0
308,Download Music Video,2005,1900000.0,3700000,4600000
309,Download Music Video,2006,9900000.0,19700000,24000000
310,Download Music Video,2007,14200000.0,28200000,33300000
311,Download Music Video,2008,20800000.0,41300000,47000000
312,Download Music Video,2009,20500000.0,40900000,46700000
313,Download Music Video,2010,18400000.0,36600000,41100000
314,Download Music Video,2011,16300000.0,32400000,35300000
315,Download Music Video,2012,10500000.0,20800000,22800000
316,Download Music Video,2013,8400000.0,16700000,18000000
317,Download Music Video,2014,6800000.0,13600000,14400000
318,Download Music Video,2015,3200000.0,6400000,6800000
319,Download Music Video,2016,2100000.0,4300000,4500000
320,Download Music Video,2017,1400000.0,2800000,2900000
321,Download Music Video,2018,1100000.0,2200000,2200000
322,Download Single,1973,0.0,0,0
323,Download Single,1974,0.0,0,0
324,Download Single,1975,0.0,0,0
325,Download Single,1976,0.0,0,0
326,Download Single,1977,0.0,0,0
327,Download Single,1978,0.0,0,0
328,Download Single,1979,0.0,0,0
329,Download Single,1980,0.0,0,0
330,Download Single,1981,0.0,0,0
331,Download Single,1982,0.0,0,0
332,Download Single,1983,0.0,0,0
333,Download Single,1984,0.0,0,0
334,Download Single,1985,0.0,0,0
335,Download Single,1986,0.0,0,0
336,Download Single,1987,0.0,0,0
337,Download Single,1988,0.0,0,0
338,Download Single,1989,0.0,0,0
339,Download Single,1990,0.0,0,0
340,Download Single,1991,0.0,0,0
341,Download Single,1992,0.0,0,0
342,Download Single,1993,0.0,0,0
343,Download Single,1994,0.0,0,0
344,Download Single,1995,0.0,0,0
345,Download Single,1996,0.0,0,0
346,Download Single,1997,0.0,0,0
347,Download Single,1998,0.0,0,0
348,Download Single,1999,0.0,0,0
349,Download Single,2000,0.0,0,0
350,Download Single,2001,0.0,0,0
351,Download Single,2002,0.0,0,0
352,Download Single,2003,0.0,0,0
353,Download Single,2004,139400000.0,138000000,179100000
354,Download Single,2005,366900000.0,363300000,456000000
355,Download Single,2006,586400000.0,580600000,705900000
356,Download Single,2007,819400000.0,811000000,959000000
357,Download Single,2008,1042700000.0,1032200000,1175100000
358,Download Single,2009,1124400000.0,1172000000,1339100000
359,Download Single,2010,1177400000.0,1336400000,1502300000
360,Download Single,2011,1332300000.0,1522400000,1659000000
361,Download Single,2012,1402700000.0,1644600000,1798700000
362,Download Single,2013,1332800000.0,1573400000,1696000000
363,Download Single,2014,1154400000.0,1355300000,1437600000
364,Download Single,2015,986300000.0,1185200000,1255700000
365,Download Single,2016,743000000.0,900200000,941800000
366,Download Single,2017,553500000.0,678500000,695100000
367,Download Single,2018,399800000.0,490400000,490400000
368,DVD Audio,1973,0.0,0,0
369,DVD Audio,1974,0.0,0,0
370,DVD Audio,1975,0.0,0,0
371,DVD Audio,1976,0.0,0,0
372,DVD Audio,1977,0.0,0,0
373,DVD Audio,1978,0.0,0,0
374,DVD Audio,1979,0.0,0,0
375,DVD Audio,1980,0.0,0,0
376,DVD Audio,1981,0.0,0,0
377,DVD Audio,1982,0.0,0,0
378,DVD Audio,1983,0.0,0,0
379,DVD Audio,1984,0.0,0,0
380,DVD Audio,1985,0.0,0,0
381,DVD Audio,1986,0.0,0,0
382,DVD Audio,1987,0.0,0,0
383,DVD Audio,1988,0.0,0,0
384,DVD Audio,1989,0.0,0,0
385,DVD Audio,1990,0.0,0,0
386,DVD Audio,1991,0.0,0,0
387,DVD Audio,1992,0.0,0,0
388,DVD Audio,1993,0.0,0,0
389,DVD Audio,1994,0.0,0,0
390,DVD Audio,1995,0.0,0,0
391,DVD Audio,1996,0.0,0,0
392,DVD Audio,1997,0.0,0,0
393,DVD Audio,1998,0.0,0,0
394,DVD Audio,1999,0.0,0,0
395,DVD Audio,2000,0.0,0,0
396,DVD Audio,2001,263000.0,6000000,8300000
397,DVD Audio,2002,430000.0,8500000,11600000
398,DVD Audio,2003,400000.0,8000000,10700000
399,DVD Audio,2004,300000.0,6500000,8400000
400,DVD Audio,2005,500000.0,11200000,14100000
401,DVD Audio,2006,100000.0,2400000,2900000
402,DVD Audio,2007,200000.0,2800000,3300000
403,DVD Audio,2008,40000.0,1200000,1400000
404,DVD Audio,2009,100000.0,1600000,1800000
405,DVD Audio,2010,40000.0,900000,1000000
406,DVD Audio,2011,10000.0,300000,300000
407,DVD Audio,2012,0.0,200000,200000
408,DVD Audio,2013,-100000.0,-500000,-500000
409,DVD Audio,2014,100000.0,2100000,2300000
410,DVD Audio,2015,200000.0,5400000,5700000
411,DVD Audio,2016,100000.0,2800000,3000000
412,DVD Audio,2017,100000.0,2600000,2700000
413,DVD Audio,2018,100000.0,3300000,3300000
414,Kiosk,1973,0.0,0,0
415,Kiosk,1974,0.0,0,0
416,Kiosk,1975,0.0,0,0
417,Kiosk,1976,0.0,0,0
418,Kiosk,1977,0.0,0,0
419,Kiosk,1978,0.0,0,0
420,Kiosk,1979,0.0,0,0
421,Kiosk,1980,0.0,0,0
422,Kiosk,1981,0.0,0,0
423,Kiosk,1982,0.0,0,0
424,Kiosk,1983,0.0,0,0
425,Kiosk,1984,0.0,0,0
426,Kiosk,1985,0.0,0,0
427,Kiosk,1986,0.0,0,0
428,Kiosk,1987,0.0,0,0
429,Kiosk,1988,0.0,0,0
430,Kiosk,1989,0.0,0,0
431,Kiosk,1990,0.0,0,0
432,Kiosk,1991,0.0,0,0
433,Kiosk,1992,0.0,0,0
434,Kiosk,1993,0.0,0,0
435,Kiosk,1994,0.0,0,0
436,Kiosk,1995,0.0,0,0
437,Kiosk,1996,0.0,0,0
438,Kiosk,1997,0.0,0,0
439,Kiosk,1998,0.0,0,0
440,Kiosk,1999,0.0,0,0
441,Kiosk,2000,0.0,0,0
442,Kiosk,2001,0.0,0,0
443,Kiosk,2002,0.0,0,0
444,Kiosk,2003,0.0,0,0
445,Kiosk,2004,0.0,0,0
446,Kiosk,2005,700000.0,1000000,1300000
447,Kiosk,2006,1400000.0,1900000,2300000
448,Kiosk,2007,1800000.0,2600000,3100000
449,Kiosk,2008,1600000.0,2600000,3000000
450,Kiosk,2009,1700000.0,6300000,7200000
451,Kiosk,2010,1700000.0,6400000,7200000
452,Kiosk,2011,1300000.0,2700000,2900000
453,Kiosk,2012,2000000.0,3700000,4000000
454,Kiosk,2013,3700000.0,6200000,6700000
455,Kiosk,2014,1600000.0,2600000,2700000
456,Kiosk,2015,2200000.0,3700000,3900000
457,Kiosk,2016,1700000.0,2900000,3100000
458,Kiosk,2017,1300000.0,2300000,2300000
459,Kiosk,2018,1100000.0,2000000,2000000
460,Limited Tier Paid Subscription,1973,0.0,0,0
461,Limited Tier Paid Subscription,1974,0.0,0,0
462,Limited Tier Paid Subscription,1975,0.0,0,0
463,Limited Tier Paid Subscription,1976,0.0,0,0
464,Limited Tier Paid Subscription,1977,0.0,0,0
465,Limited Tier Paid Subscription,1978,0.0,0,0
466,Limited Tier Paid Subscription,1979,0.0,0,0
467,Limited Tier Paid Subscription,1980,0.0,0,0
468,Limited Tier Paid Subscription,1981,0.0,0,0
469,Limited Tier Paid Subscription,1982,0.0,0,0
470,Limited Tier Paid Subscription,1983,0.0,0,0
471,Limited Tier Paid Subscription,1984,0.0,0,0
472,Limited Tier Paid Subscription,1985,0.0,0,0
473,Limited Tier Paid Subscription,1986,0.0,0,0
474,Limited Tier Paid Subscription,1987,0.0,0,0
475,Limited Tier Paid Subscription,1988,0.0,0,0
476,Limited Tier Paid Subscription,1989,0.0,0,0
477,Limited Tier Paid Subscription,1990,0.0,0,0
478,Limited Tier Paid Subscription,1991,0.0,0,0
479,Limited Tier Paid Subscription,1992,0.0,0,0
480,Limited Tier Paid Subscription,1993,0.0,0,0
481,Limited Tier Paid Subscription,1994,0.0,0,0
482,Limited Tier Paid Subscription,1995,0.0,0,0
483,Limited Tier Paid Subscription,1996,0.0,0,0
484,Limited Tier Paid Subscription,1997,0.0,0,0
485,Limited Tier Paid Subscription,1998,0.0,0,0
486,Limited Tier Paid Subscription,1999,0.0,0,0
487,Limited Tier Paid Subscription,2000,0.0,0,0
488,Limited Tier Paid Subscription,2001,0.0,0,0
489,Limited Tier Paid Subscription,2002,0.0,0,0
490,Limited Tier Paid Subscription,2003,0.0,0,0
491,Limited Tier Paid Subscription,2004,0.0,0,0
492,Limited Tier Paid Subscription,2005,0.0,0,0
493,Limited Tier Paid Subscription,2006,0.0,0,0
494,Limited Tier Paid Subscription,2007,0.0,0,0
495,Limited Tier Paid Subscription,2008,0.0,0,0
496,Limited Tier Paid Subscription,2009,0.0,0,0
497,Limited Tier Paid Subscription,2010,0.0,0,0
498,Limited Tier Paid Subscription,2011,0.0,0,0
499,Limited Tier Paid Subscription,2012,0.0,0,0
500,Limited Tier Paid Subscription,2013,0.0,0,0
501,Limited Tier Paid Subscription,2014,0.0,0,0
502,Limited Tier Paid Subscription,2015,0.0,0,0
503,Limited Tier Paid Subscription,2016,0.0,263400000,275500000
504,Limited Tier Paid Subscription,2017,0.0,591600000,606100000
505,Limited Tier Paid Subscription,2018,0.0,747100000,747100000
506,LP/EP,1973,280000000.0,1246000000,6878800000
507,LP/EP,1974,276000000.0,1356000000,6742000000
508,LP/EP,1975,257000000.0,1485000000,6765900000
509,LP/EP,1976,273000000.0,1663000000,7164100000
510,LP/EP,1977,344000000.0,2195100000,8878900000
511,LP/EP,1978,341300000.0,2473300000,9298400000
512,LP/EP,1979,290000000.0,2057000000,6945100000
513,LP/EP,1980,308000000.0,2200000000,6544500000
514,LP/EP,1981,295200000.0,2341700000,6314600000
515,LP/EP,1982,243900000.0,1925100000,4890000000
516,LP/EP,1983,209600000.0,1689000000,4156700000
517,LP/EP,1984,204600000.0,1548800000,3653900000
518,LP/EP,1985,167000000.0,1280500000,2917100000
519,LP/EP,1986,125200000.0,983000000,2198500000
520,LP/EP,1987,107000000.0,793100000,1711300000
521,LP/EP,1988,72400000.0,532200000,1102700000
522,LP/EP,1989,34600000.0,220300000,435500000
523,LP/EP,1990,11700000.0,86500000,162200000
524,LP/EP,1991,4800000.0,29400000,52900000
525,LP/EP,1992,2300000.0,13500000,23600000
526,LP/EP,1993,1200000.0,10600000,18000000
527,LP/EP,1994,1900000.0,17800000,29400000
528,LP/EP,1995,2200000.0,25100000,40400000
529,LP/EP,1996,2900000.0,36800000,57500000
530,LP/EP,1997,2700000.0,33300000,50900000
531,LP/EP,1998,3400000.0,34000000,51100000
532,LP/EP,1999,2900000.0,31800000,46800000
533,LP/EP,2000,2200000.0,27700000,39400000
534,LP/EP,2001,2300000.0,27400000,37900000
535,LP/EP,2002,1743000.0,20500000,27900000
536,LP/EP,2003,1500000.0,21700000,28900000
537,LP/EP,2004,1400000.0,19300000,25000000
538,LP/EP,2005,1000000.0,14200000,17800000
539,LP/EP,2006,900000.0,15700000,19100000
540,LP/EP,2007,1300000.0,22900000,27100000
541,LP/EP,2008,2900000.0,56700000,64600000
542,LP/EP,2009,3500000.0,63800000,72900000
543,LP/EP,2010,4200000.0,88900000,99900000
544,LP/EP,2011,5500000.0,119400000,130100000
545,LP/EP,2012,6900000.0,160700000,175800000
546,LP/EP,2013,9400000.0,210700000,227200000
547,LP/EP,2014,10300000.0,243800000,258700000
548,LP/EP,2015,13700000.0,333400000,353200000
549,LP/EP,2016,14800000.0,355400000,371900000
550,LP/EP,2017,15600000.0,388500000,398000000
551,LP/EP,2018,16700000.0,419200000,419200000
552,Music Video (Physical),1973,0.0,0,0
553,Music Video (Physical),1974,0.0,0,0
554,Music Video (Physical),1975,0.0,0,0
555,Music Video (Physical),1976,0.0,0,0
556,Music Video (Physical),1977,0.0,0,0
557,Music Video (Physical),1978,0.0,0,0
558,Music Video (Physical),1979,0.0,0,0
559,Music Video (Physical),1980,0.0,0,0
560,Music Video (Physical),1981,0.0,0,0
561,Music Video (Physical),1982,0.0,0,0
562,Music Video (Physical),1983,0.0,0,0
563,Music Video (Physical),1984,0.0,0,0
564,Music Video (Physical),1985,0.0,0,0
565,Music Video (Physical),1986,0.0,0,0
566,Music Video (Physical),1987,0.0,0,0
567,Music Video (Physical),1988,0.0,0,0
568,Music Video (Physical),1989,6100000.0,115400000,228100000
569,Music Video (Physical),1990,9200000.0,172300000,323100000
570,Music Video (Physical),1991,6100000.0,118100000,212500000
571,Music Video (Physical),1992,7600000.0,157400000,275000000
572,Music Video (Physical),1993,11000000.0,213300000,361800000
573,Music Video (Physical),1994,11200000.0,231100000,382200000
574,Music Video (Physical),1995,12600000.0,220300000,354300000
575,Music Video (Physical),1996,16900000.0,236100000,368900000
576,Music Video (Physical),1997,18600000.0,323900000,494700000
577,Music Video (Physical),1998,27200000.0,508000000,763900000
578,Music Video (Physical),1999,19800000.0,376700000,554200000
579,Music Video (Physical),2000,18200000.0,281900000,401300000
580,Music Video (Physical),2001,17700000.0,329200000,455600000
581,Music Video (Physical),2002,14700000.0,288400000,393000000
582,Music Video (Physical),2003,19900000.0,399900000,532700000
583,Music Video (Physical),2004,32800000.0,607200000,787900000
584,Music Video (Physical),2005,33800000.0,602200000,755800000
585,Music Video (Physical),2006,23200000.0,451100000,548500000
586,Music Video (Physical),2007,27500000.0,484900000,573400000
587,Music Video (Physical),2008,13200000.0,227300000,258800000
588,Music Video (Physical),2009,11600000.0,209600000,239500000
589,Music Video (Physical),2010,9100000.0,177600000,199600000
590,Music Video (Physical),2011,7700000.0,151000000,164500000
591,Music Video (Physical),2012,6000000.0,116600000,127500000
592,Music Video (Physical),2013,4800000.0,106300000,114600000
593,Music Video (Physical),2014,4100000.0,89700000,95200000
594,Music Video (Physical),2015,3100000.0,70400000,74600000
595,Music Video (Physical),2016,2500000.0,56900000,59600000
596,Music Video (Physical),2017,1900000.0,38600000,39600000
597,Music Video (Physical),2018,1400000.0,27600000,27600000
598,On-Demand Streaming (Ad-Supported),1973,,0,0
599,On-Demand Streaming (Ad-Supported),1974,,0,0
600,On-Demand Streaming (Ad-Supported),1975,,0,0
601,On-Demand Streaming (Ad-Supported),1976,,0,0
602,On-Demand Streaming (Ad-Supported),1977,,0,0
603,On-Demand Streaming (Ad-Supported),1978,,0,0
604,On-Demand Streaming (Ad-Supported),1979,,0,0
605,On-Demand Streaming (Ad-Supported),1980,,0,0
606,On-Demand Streaming (Ad-Supported),1981,,0,0
607,On-Demand Streaming (Ad-Supported),1982,,0,0
608,On-Demand Streaming (Ad-Supported),1983,,0,0
609,On-Demand Streaming (Ad-Supported),1984,,0,0
610,On-Demand Streaming (Ad-Supported),1985,,0,0
611,On-Demand Streaming (Ad-Supported),1986,,0,0
612,On-Demand Streaming (Ad-Supported),1987,,0,0
613,On-Demand Streaming (Ad-Supported),1988,,0,0
614,On-Demand Streaming (Ad-Supported),1989,,0,0
615,On-Demand Streaming (Ad-Supported),1990,,0,0
616,On-Demand Streaming (Ad-Supported),1991,,0,0
617,On-Demand Streaming (Ad-Supported),1992,,0,0
618,On-Demand Streaming (Ad-Supported),1993,,0,0
619,On-Demand Streaming (Ad-Supported),1994,,0,0
620,On-Demand Streaming (Ad-Supported),1995,,0,0
621,On-Demand Streaming (Ad-Supported),1996,,0,0
622,On-Demand Streaming (Ad-Supported),1997,,0,0
623,On-Demand Streaming (Ad-Supported),1998,,0,0
624,On-Demand Streaming (Ad-Supported),1999,,0,0
625,On-Demand Streaming (Ad-Supported),2000,,0,0
626,On-Demand Streaming (Ad-Supported),2001,,0,0
627,On-Demand Streaming (Ad-Supported),2002,,0,0
628,On-Demand Streaming (Ad-Supported),2003,,0,0
629,On-Demand Streaming (Ad-Supported),2004,,0,0
630,On-Demand Streaming (Ad-Supported),2005,,0,0
631,On-Demand Streaming (Ad-Supported),2006,,0,0
632,On-Demand Streaming (Ad-Supported),2007,,0,0
633,On-Demand Streaming (Ad-Supported),2008,,0,0
634,On-Demand Streaming (Ad-Supported),2009,,0,0
635,On-Demand Streaming (Ad-Supported),2010,,0,0
636,On-Demand Streaming (Ad-Supported),2011,,113800000,124000000
637,On-Demand Streaming (Ad-Supported),2012,,170900000,187000000
638,On-Demand Streaming (Ad-Supported),2013,,220900000,238100000
639,On-Demand Streaming (Ad-Supported),2014,,283800000,301000000
640,On-Demand Streaming (Ad-Supported),2015,,372000000,394100000
641,On-Demand Streaming (Ad-Supported),2016,,489400000,512000000
642,On-Demand Streaming (Ad-Supported),2017,,658600000,674700000
643,On-Demand Streaming (Ad-Supported),2018,,759500000,759500000
644,Other Ad-Supported Streaming,1973,,0,0
645,Other Ad-Supported Streaming,1974,,0,0
646,Other Ad-Supported Streaming,1975,,0,0
647,Other Ad-Supported Streaming,1976,,0,0
648,Other Ad-Supported Streaming,1977,,0,0
649,Other Ad-Supported Streaming,1978,,0,0
650,Other Ad-Supported Streaming,1979,,0,0
651,Other Ad-Supported Streaming,1980,,0,0
652,Other Ad-Supported Streaming,1981,,0,0
653,Other Ad-Supported Streaming,1982,,0,0
654,Other Ad-Supported Streaming,1983,,0,0
655,Other Ad-Supported Streaming,1984,,0,0
656,Other Ad-Supported Streaming,1985,,0,0
657,Other Ad-Supported Streaming,1986,,0,0
658,Other Ad-Supported Streaming,1987,,0,0
659,Other Ad-Supported Streaming,1988,,0,0
660,Other Ad-Supported Streaming,1989,,0,0
661,Other Ad-Supported Streaming,1990,,0,0
662,Other Ad-Supported Streaming,1991,,0,0
663,Other Ad-Supported Streaming,1992,,0,0
664,Other Ad-Supported Streaming,1993,,0,0
665,Other Ad-Supported Streaming,1994,,0,0
666,Other Ad-Supported Streaming,1995,,0,0
667,Other Ad-Supported Streaming,1996,,0,0
668,Other Ad-Supported Streaming,1997,,0,0
669,Other Ad-Supported Streaming,1998,,0,0
670,Other Ad-Supported Streaming,1999,,0,0
671,Other Ad-Supported Streaming,2000,,0,0
672,Other Ad-Supported Streaming,2001,,0,0
673,Other Ad-Supported Streaming,2002,,0,0
674,Other Ad-Supported Streaming,2003,,0,0
675,Other Ad-Supported Streaming,2004,,0,0
676,Other Ad-Supported Streaming,2005,,0,0
677,Other Ad-Supported Streaming,2006,,0,0
678,Other Ad-Supported Streaming,2007,,0,0
679,Other Ad-Supported Streaming,2008,,0,0
680,Other Ad-Supported Streaming,2009,,0,0
681,Other Ad-Supported Streaming,2010,,0,0
682,Other Ad-Supported Streaming,2011,,0,0
683,Other Ad-Supported Streaming,2012,,0,0
684,Other Ad-Supported Streaming,2013,,0,0
685,Other Ad-Supported Streaming,2014,,0,0
686,Other Ad-Supported Streaming,2015,,0,0
687,Other Ad-Supported Streaming,2016,,81300000,85000000
688,Other Ad-Supported Streaming,2017,,261800000,268200000
689,Other Ad-Supported Streaming,2018,,251400000,251400000
690,Other Digital,1973,0.0,0,0
691,Other Digital,1974,0.0,0,0
692,Other Digital,1975,0.0,0,0
693,Other Digital,1976,0.0,0,0
694,Other Digital,1977,0.0,0,0
695,Other Digital,1978,0.0,0,0
696,Other Digital,1979,0.0,0,0
697,Other Digital,1980,0.0,0,0
698,Other Digital,1981,0.0,0,0
699,Other Digital,1982,0.0,0,0
700,Other Digital,1983,0.0,0,0
701,Other Digital,1984,0.0,0,0
702,Other Digital,1985,0.0,0,0
703,Other Digital,1986,0.0,0,0
704,Other Digital,1987,0.0,0,0
705,Other Digital,1988,0.0,0,0
706,Other Digital,1989,0.0,0,0
707,Other Digital,1990,0.0,0,0
708,Other Digital,1991,0.0,0,0
709,Other Digital,1992,0.0,0,0
710,Other Digital,1993,0.0,0,0
711,Other Digital,1994,0.0,0,0
712,Other Digital,1995,0.0,0,0
713,Other Digital,1996,0.0,0,0
714,Other Digital,1997,0.0,0,0
715,Other Digital,1998,0.0,0,0
716,Other Digital,1999,0.0,0,0
717,Other Digital,2000,0.0,0,0
718,Other Digital,2001,0.0,0,0
719,Other Digital,2002,0.0,0,0
720,Other Digital,2003,0.0,0,0
721,Other Digital,2004,0.0,0,0
722,Other Digital,2005,0.0,0,0
723,Other Digital,2006,0.0,0,0
724,Other Digital,2007,0.0,0,0
725,Other Digital,2008,0.0,0,0
726,Other Digital,2009,0.0,0,0
727,Other Digital,2010,0.0,0,0
728,Other Digital,2011,0.0,0,0
729,Other Digital,2012,0.0,0,0
730,Other Digital,2013,0.0,0,0
731,Other Digital,2014,0.0,0,0
732,Other Digital,2015,0.0,0,0
733,Other Digital,2016,0.0,17100000,17900000
734,Other Digital,2017,0.0,16900000,17300000
735,Other Digital,2018,0.0,19800000,19800000
736,Other Tapes,1973,2200000.0,15600000,86100000
737,Other Tapes,1974,1900000.0,13300000,66100000
738,Other Tapes,1975,1500000.0,10200000,46500000
739,Other Tapes,1976,700000.0,5100000,22000000
740,Other Tapes,1977,0.0,0,0
741,Other Tapes,1978,0.0,0,0
742,Other Tapes,1979,0.0,0,0
743,Other Tapes,1980,0.0,0,0
744,Other Tapes,1981,0.0,0,0
745,Other Tapes,1982,0.0,0,0
746,Other Tapes,1983,0.0,0,0
747,Other Tapes,1984,0.0,0,0
748,Other Tapes,1985,0.0,0,0
749,Other Tapes,1986,0.0,0,0
750,Other Tapes,1987,0.0,0,0
751,Other Tapes,1988,0.0,0,0
752,Other Tapes,1989,0.0,0,0
753,Other Tapes,1990,0.0,0,0
754,Other Tapes,1991,0.0,0,0
755,Other Tapes,1992,0.0,0,0
756,Other Tapes,1993,0.0,0,0
757,Other Tapes,1994,0.0,0,0
758,Other Tapes,1995,0.0,0,0
759,Other Tapes,1996,0.0,0,0
760,Other Tapes,1997,0.0,0,0
761,Other Tapes,1998,0.0,0,0
762,Other Tapes,1999,0.0,0,0
763,Other Tapes,2000,0.0,0,0
764,Other Tapes,2001,0.0,0,0
765,Other Tapes,2002,0.0,0,0
766,Other Tapes,2003,0.0,0,0
767,Other Tapes,2004,0.0,0,0
768,Other Tapes,2005,0.0,0,0
769,Other Tapes,2006,0.0,0,0
770,Other Tapes,2007,0.0,0,0
771,Other Tapes,2008,0.0,0,0
772,Other Tapes,2009,0.0,0,0
773,Other Tapes,2010,0.0,0,0
774,Other Tapes,2011,0.0,0,0
775,Other Tapes,2012,0.0,0,0
776,Other Tapes,2013,0.0,0,0
777,Other Tapes,2014,0.0,0,0
778,Other Tapes,2015,0.0,0,0
779,Other Tapes,2016,0.0,0,0
780,Other Tapes,2017,0.0,0,0
781,Other Tapes,2018,0.0,0,0
782,Paid Subscription,1973,,0,0
783,Paid Subscription,1974,,0,0
784,Paid Subscription,1975,,0,0
785,Paid Subscription,1976,,0,0
786,Paid Subscription,1977,,0,0
787,Paid Subscription,1978,,0,0
788,Paid Subscription,1979,,0,0
789,Paid Subscription,1980,,0,0
790,Paid Subscription,1981,,0,0
791,Paid Subscription,1982,,0,0
792,Paid Subscription,1983,,0,0
793,Paid Subscription,1984,,0,0
794,Paid Subscription,1985,,0,0
795,Paid Subscription,1986,,0,0
796,Paid Subscription,1987,,0,0
797,Paid Subscription,1988,,0,0
798,Paid Subscription,1989,,0,0
799,Paid Subscription,1990,,0,0
800,Paid Subscription,1991,,0,0
801,Paid Subscription,1992,,0,0
802,Paid Subscription,1993,,0,0
803,Paid Subscription,1994,,0,0
804,Paid Subscription,1995,,0,0
805,Paid Subscription,1996,,0,0
806,Paid Subscription,1997,,0,0
807,Paid Subscription,1998,,0,0
808,Paid Subscription,1999,,0,0
809,Paid Subscription,2000,,0,0
810,Paid Subscription,2001,,0,0
811,Paid Subscription,2002,,0,0
812,Paid Subscription,2003,,0,0
813,Paid Subscription,2004,,0,0
814,Paid Subscription,2005,,149200000,187300000
815,Paid Subscription,2006,,206200000,250700000
816,Paid Subscription,2007,,234000000,276700000
817,Paid Subscription,2008,,221400000,252100000
818,Paid Subscription,2009,,206200000,235600000
819,Paid Subscription,2010,,212400000,238800000
820,Paid Subscription,2011,,247800000,270000000
821,Paid Subscription,2012,,399900000,437400000
822,Paid Subscription,2013,,643300000,693400000
823,Paid Subscription,2014,,770300000,817000000
824,Paid Subscription,2015,,1156700000,1225500000
825,Paid Subscription,2016,,2244200000,2347900000
826,Paid Subscription,2017,,3500600000,3586100000
827,Paid Subscription,2018,,4656000000,4656000000
828,Ringtones & Ringbacks,1973,0.0,0,0
829,Ringtones & Ringbacks,1974,0.0,0,0
830,Ringtones & Ringbacks,1975,0.0,0,0
831,Ringtones & Ringbacks,1976,0.0,0,0
832,Ringtones & Ringbacks,1977,0.0,0,0
833,Ringtones & Ringbacks,1978,0.0,0,0
834,Ringtones & Ringbacks,1979,0.0,0,0
835,Ringtones & Ringbacks,1980,0.0,0,0
836,Ringtones & Ringbacks,1981,0.0,0,0
837,Ringtones & Ringbacks,1982,0.0,0,0
838,Ringtones & Ringbacks,1983,0.0,0,0
839,Ringtones & Ringbacks,1984,0.0,0,0
840,Ringtones & Ringbacks,1985,0.0,0,0
841,Ringtones & Ringbacks,1986,0.0,0,0
842,Ringtones & Ringbacks,1987,0.0,0,0
843,Ringtones & Ringbacks,1988,0.0,0,0
844,Ringtones & Ringbacks,1989,0.0,0,0
845,Ringtones & Ringbacks,1990,0.0,0,0
846,Ringtones & Ringbacks,1991,0.0,0,0
847,Ringtones & Ringbacks,1992,0.0,0,0
848,Ringtones & Ringbacks,1993,0.0,0,0
849,Ringtones & Ringbacks,1994,0.0,0,0
850,Ringtones & Ringbacks,1995,0.0,0,0
851,Ringtones & Ringbacks,1996,0.0,0,0
852,Ringtones & Ringbacks,1997,0.0,0,0
853,Ringtones & Ringbacks,1998,0.0,0,0
854,Ringtones & Ringbacks,1999,0.0,0,0
855,Ringtones & Ringbacks,2000,0.0,0,0
856,Ringtones & Ringbacks,2001,0.0,0,0
857,Ringtones & Ringbacks,2002,0.0,0,0
858,Ringtones & Ringbacks,2003,0.0,0,0
859,Ringtones & Ringbacks,2004,0.0,0,0
860,Ringtones & Ringbacks,2005,170000000.0,421600000,529100000
861,Ringtones & Ringbacks,2006,315000000.0,773800000,940800000
862,Ringtones & Ringbacks,2007,433800000.0,1055800000,1248400000
863,Ringtones & Ringbacks,2008,405100000.0,977100000,1112400000
864,Ringtones & Ringbacks,2009,294300000.0,702800000,803000000
865,Ringtones & Ringbacks,2010,188500000.0,448000000,503600000
866,Ringtones & Ringbacks,2011,115400000.0,276200000,301000000
867,Ringtones & Ringbacks,2012,58800000.0,146000000,159700000
868,Ringtones & Ringbacks,2013,39400000.0,98000000,105600000
869,Ringtones & Ringbacks,2014,26600000.0,66300000,70300000
870,Ringtones & Ringbacks,2015,21900000.0,54600000,57800000
871,Ringtones & Ringbacks,2016,22600000.0,56300000,58900000
872,Ringtones & Ringbacks,2017,14300000.0,35500000,36400000
873,Ringtones & Ringbacks,2018,10000000.0,25000000,25000000
874,SACD,1973,0.0,0,0
875,SACD,1974,0.0,0,0
876,SACD,1975,0.0,0,0
877,SACD,1976,0.0,0,0
878,SACD,1977,0.0,0,0
879,SACD,1978,0.0,0,0
880,SACD,1979,0.0,0,0
881,SACD,1980,0.0,0,0
882,SACD,1981,0.0,0,0
883,SACD,1982,0.0,0,0
884,SACD,1983,0.0,0,0
885,SACD,1984,0.0,0,0
886,SACD,1985,0.0,0,0
887,SACD,1986,0.0,0,0
888,SACD,1987,0.0,0,0
889,SACD,1988,0.0,0,0
890,SACD,1989,0.0,0,0
891,SACD,1990,0.0,0,0
892,SACD,1991,0.0,0,0
893,SACD,1992,0.0,0,0
894,SACD,1993,0.0,0,0
895,SACD,1994,0.0,0,0
896,SACD,1995,0.0,0,0
897,SACD,1996,0.0,0,0
898,SACD,1997,0.0,0,0
899,SACD,1998,0.0,0,0
900,SACD,1999,0.0,0,0
901,SACD,2000,0.0,0,0
902,SACD,2001,0.0,0,0
903,SACD,2002,0.0,0,0
904,SACD,2003,1300000.0,26300000,35000000
905,SACD,2004,800000.0,16600000,21500000
906,SACD,2005,500000.0,10000000,12600000
907,SACD,2006,300000.0,5500000,6700000
908,SACD,2007,200000.0,3600000,4300000
909,SACD,2008,100000.0,3100000,3500000
910,SACD,2009,100000.0,2400000,2700000
911,SACD,2010,100000.0,1700000,1900000
912,SACD,2011,100000.0,1500000,1600000
913,SACD,2012,100000.0,1300000,1500000
914,SACD,2013,0.0,1000000,1100000
915,SACD,2014,0.0,800000,800000
916,SACD,2015,0.0,1000000,1100000
917,SACD,2016,0.0,1200000,1300000
918,SACD,2017,0.0,900000,900000
919,SACD,2018,0.0,900000,900000
920,SoundExchange Distributions,1973,0.0,0,0
921,SoundExchange Distributions,1974,0.0,0,0
922,SoundExchange Distributions,1975,0.0,0,0
923,SoundExchange Distributions,1976,0.0,0,0
924,SoundExchange Distributions,1977,0.0,0,0
925,SoundExchange Distributions,1978,0.0,0,0
926,SoundExchange Distributions,1979,0.0,0,0
927,SoundExchange Distributions,1980,0.0,0,0
928,SoundExchange Distributions,1981,0.0,0,0
929,SoundExchange Distributions,1982,0.0,0,0
930,SoundExchange Distributions,1983,0.0,0,0
931,SoundExchange Distributions,1984,0.0,0,0
932,SoundExchange Distributions,1985,0.0,0,0
933,SoundExchange Distributions,1986,0.0,0,0
934,SoundExchange Distributions,1987,0.0,0,0
935,SoundExchange Distributions,1988,0.0,0,0
936,SoundExchange Distributions,1989,0.0,0,0
937,SoundExchange Distributions,1990,0.0,0,0
938,SoundExchange Distributions,1991,0.0,0,0
939,SoundExchange Distributions,1992,0.0,0,0
940,SoundExchange Distributions,1993,0.0,0,0
941,SoundExchange Distributions,1994,0.0,0,0
942,SoundExchange Distributions,1995,0.0,0,0
943,SoundExchange Distributions,1996,0.0,0,0
944,SoundExchange Distributions,1997,0.0,0,0
945,SoundExchange Distributions,1998,0.0,0,0
946,SoundExchange Distributions,1999,0.0,0,0
947,SoundExchange Distributions,2000,0.0,0,0
948,SoundExchange Distributions,2001,0.0,0,0
949,SoundExchange Distributions,2002,0.0,0,0
950,SoundExchange Distributions,2003,0.0,0,0
951,SoundExchange Distributions,2004,0.0,6900000,9000000
952,SoundExchange Distributions,2005,0.0,20400000,25600000
953,SoundExchange Distributions,2006,0.0,32800000,39900000
954,SoundExchange Distributions,2007,0.0,36200000,42800000
955,SoundExchange Distributions,2008,0.0,100000000,113800000
956,SoundExchange Distributions,2009,0.0,155500000,177700000
957,SoundExchange Distributions,2010,0.0,249200000,280100000
958,SoundExchange Distributions,2011,0.0,292000000,318200000
959,SoundExchange Distributions,2012,0.0,462000000,505300000
960,SoundExchange Distributions,2013,0.0,590400000,636400000
961,SoundExchange Distributions,2014,0.0,773400000,820300000
962,SoundExchange Distributions,2015,0.0,802600000,850300000
963,SoundExchange Distributions,2016,0.0,883900000,924800000
964,SoundExchange Distributions,2017,0.0,652000000,667900000
965,SoundExchange Distributions,2018,0.0,952800000,952800000
966,Synchronization,1973,0.0,0,0
967,Synchronization,1974,0.0,0,0
968,Synchronization,1975,0.0,0,0
969,Synchronization,1976,0.0,0,0
970,Synchronization,1977,0.0,0,0
971,Synchronization,1978,0.0,0,0
972,Synchronization,1979,0.0,0,0
973,Synchronization,1980,0.0,0,0
974,Synchronization,1981,0.0,0,0
975,Synchronization,1982,0.0,0,0
976,Synchronization,1983,0.0,0,0
977,Synchronization,1984,0.0,0,0
978,Synchronization,1985,0.0,0,0
979,Synchronization,1986,0.0,0,0
980,Synchronization,1987,0.0,0,0
981,Synchronization,1988,0.0,0,0
982,Synchronization,1989,0.0,0,0
983,Synchronization,1990,0.0,0,0
984,Synchronization,1991,0.0,0,0
985,Synchronization,1992,0.0,0,0
986,Synchronization,1993,0.0,0,0
987,Synchronization,1994,0.0,0,0
988,Synchronization,1995,0.0,0,0
989,Synchronization,1996,0.0,0,0
990,Synchronization,1997,0.0,0,0
991,Synchronization,1998,0.0,0,0
992,Synchronization,1999,0.0,0,0
993,Synchronization,2000,0.0,0,0
994,Synchronization,2001,0.0,0,0
995,Synchronization,2002,0.0,0,0
996,Synchronization,2003,0.0,0,0
997,Synchronization,2004,0.0,0,0
998,Synchronization,2005,0.0,0,0
999,Synchronization,2006,0.0,0,0
1000,Synchronization,2007,0.0,0,0
1001,Synchronization,2008,0.0,0,0
1002,Synchronization,2009,0.0,201200000,229900000
1003,Synchronization,2010,0.0,188700000,212100000
1004,Synchronization,2011,0.0,196500000,214100000
1005,Synchronization,2012,0.0,190600000,208500000
1006,Synchronization,2013,0.0,189700000,204500000
1007,Synchronization,2014,0.0,189700000,201200000
1008,Synchronization,2015,0.0,202900000,215000000
1009,Synchronization,2016,0.0,214800000,224800000
1010,Synchronization,2017,0.0,232100000,237800000
1011,Synchronization,2018,0.0,285500000,285500000
1012,Vinyl Single,1973,228000000.0,190000000,1048900000
1013,Vinyl Single,1974,204000000.0,194000000,964600000
1014,Vinyl Single,1975,164000000.0,211500000,963600000
1015,Vinyl Single,1976,190000000.0,245100000,1055900000
1016,Vinyl Single,1977,190000000.0,245100000,991400000
1017,Vinyl Single,1978,190000000.0,260300000,978600000
1018,Vinyl Single,1979,212000000.0,353600000,1193900000
1019,Vinyl Single,1980,157000000.0,250000000,743700000
1020,Vinyl Single,1981,154700000.0,256400000,691400000
1021,Vinyl Single,1982,137200000.0,283000000,718800000
1022,Vinyl Single,1983,124800000.0,269300000,662800000
1023,Vinyl Single,1984,131500000.0,298700000,704700000
1024,Vinyl Single,1985,120700000.0,281000000,640100000
1025,Vinyl Single,1986,93900000.0,228100000,510100000
1026,Vinyl Single,1987,82000000.0,203300000,438700000
1027,Vinyl Single,1988,65600000.0,180400000,373800000
1028,Vinyl Single,1989,36600000.0,116400000,230100000
1029,Vinyl Single,1990,27600000.0,94400000,177000000
1030,Vinyl Single,1991,22000000.0,63900000,115000000
1031,Vinyl Single,1992,19800000.0,66400000,116000000
1032,Vinyl Single,1993,15100000.0,51200000,86900000
1033,Vinyl Single,1994,11700000.0,47200000,78100000
1034,Vinyl Single,1995,10200000.0,46700000,75100000
1035,Vinyl Single,1996,10100000.0,47500000,74200000
1036,Vinyl Single,1997,7500000.0,35600000,54400000
1037,Vinyl Single,1998,5400000.0,25700000,38600000
1038,Vinyl Single,1999,5300000.0,27900000,41000000
1039,Vinyl Single,2000,4800000.0,26300000,37400000
1040,Vinyl Single,2001,5500000.0,31400000,43500000
1041,Vinyl Single,2002,4400000.0,24900000,33900000
1042,Vinyl Single,2003,3800000.0,21500000,28600000
1043,Vinyl Single,2004,3500000.0,19900000,25800000
1044,Vinyl Single,2005,2300000.0,13200000,16600000
1045,Vinyl Single,2006,1500000.0,9900000,12000000
1046,Vinyl Single,2007,600000.0,4000000,4700000
1047,Vinyl Single,2008,400000.0,2900000,3300000
1048,Vinyl Single,2009,300000.0,2500000,2900000
1049,Vinyl Single,2010,300000.0,2300000,2600000
1050,Vinyl Single,2011,400000.0,4600000,5000000
1051,Vinyl Single,2012,400000.0,4700000,5200000
1052,Vinyl Single,2013,300000.0,3000000,3200000
1053,Vinyl Single,2014,500000.0,5500000,5800000
1054,Vinyl Single,2015,500000.0,5800000,6100000
1055,Vinyl Single,2016,400000.0,4900000,5100000
1056,Vinyl Single,2017,400000.0,6100000,6200000
1057,Vinyl Single,2018,300000.0,5300000,5300000
